
{
    "region" : "ca-central-1",
    "configuration" : "Debug",
    "framework"     : "net6.0",
    "self-contained" : false,
    "application"    : "Assignment3Movie",
    "environment"    : "Assignment3Movie-dev",
    "app-path"       : "/",
    "iis-website"    : "Default Web Site",
    "enable-xray"    : false,
    "enhanced-health-type" : "basic",
    "additional-options"   : "\"aws:autoscaling:launchconfiguration,SecurityGroups\"=\"sg-0192f79c61ff09120,sg-045e6ffb8ed429fe2\";\"aws:ec2:vpc,Subnets\"=\"subnet-0c7b7d47f910b9c83\"",
    "solution-stack"       : "64bit Windows Server Core 2019 v2.11.8 running IIS 10.0",
    "environment-type"     : "SingleInstance",
    "cname"                : "assignment3movie-dev",
    "instance-type"        : "t2.micro",
    "key-pair"             : "KeyPair4sec002",
    "instance-profile"     : "aws-elasticbeanstalk-ec2-role",
    "service-role"         : "aws-elasticbeanstalk-service-role"
}