
{
    "region" : "ca-central-1",
    "configuration" : "Debug",
    "framework"     : "net6.0",
    "self-contained" : false,
    "application"    : "Assignment3",
    "environment"    : "Assignment3-prod",
    "app-path"       : "/",
    "iis-website"    : "Default Web Site",
    "enable-xray"    : false,
    "enhanced-health-type" : "basic",
    "additional-options"   : "\"aws:autoscaling:launchconfiguration,SecurityGroups\"=\"sg-03ac2758037dffff1,sg-0712e1e157b080ae6\";\"aws:ec2:vpc,Subnets\"=\"subnet-0325a125c1d9fabe8,subnet-029af52c288cc86a6,subnet-01acfa405892ef23d,subnet-0326bbd1f07e1ae0e\"",
    "solution-stack"       : "64bit Windows Server Core 2019 v2.12.0 running IIS 10.0",
    "environment-type"     : "SingleInstance",
    "cname"                : "assignment3-prod",
    "instance-type"        : "t2.micro",
    "key-pair"             : "KeyPair4sec002",
    "instance-profile"     : "aws-elasticbeanstalk-ec2-role",
    "service-role"         : "aws-elasticbeanstalk-service-role"
}